,month_id,Date,divisor
0,196001,1960-01-01,4100039.2566344994
1,196002,1960-02-01,4308199.305306561
2,196003,1960-03-01,4302318.20587968
3,196004,1960-04-01,4175651.37605419
4,196005,1960-05-01,4333350.432361463
5,196006,1960-06-01,4258946.449310164
6,196007,1960-07-01,4267385.551352077
7,196008,1960-08-01,4320800.746549283
8,196009,1960-09-01,4189725.530240832
9,196010,1960-10-01,4277405.821933743
10,196011,1960-11-01,4307959.1569767445
11,196012,1960-12-01,4467515.248679577
12,196101,1961-01-01,4525516.971910583
13,196102,1961-02-01,4475952.513270066
14,196103,1961-03-01,4473018.084256082
15,196104,1961-04-01,4381258.427008962
16,196105,1961-05-01,4419163.180451128
17,196106,1961-06-01,4346626.49916184
18,196107,1961-07-01,4509307.928063875
19,196108,1961-08-01,4440558.278322761
20,196109,1961-09-01,4384270.095524829
21,196110,1961-10-01,4454778.614889706
22,196111,1961-11-01,4428626.775288408
23,196112,1961-12-01,4423876.780735991
24,196201,1962-01-01,4415889.887975967
25,196202,1962-02-01,4416712.604136998
26,196203,1962-03-01,4390008.517392232
27,196204,1962-04-01,4251439.774981631
28,196205,1962-05-01,4200783.498372758
29,196206,1962-06-01,4346080.572532806
30,196207,1962-07-01,4523293.5240038615
31,196208,1962-08-01,4473073.242053999
32,196209,1962-09-01,4287189.143318965
33,196210,1962-10-01,4452444.170598184
34,196211,1962-11-01,4527775.669345437
35,196212,1962-12-01,4407841.515006386
36,196301,1963-01-01,4454829.782124192
37,196302,1963-02-01,4265283.306469964
38,196303,1963-03-01,4437014.260697426
39,196304,1963-04-01,4427838.4834933095
40,196305,1963-05-01,4400813.977402338
41,196306,1963-06-01,4315112.936813579
42,196307,1963-07-01,4365606.691581005
43,196308,1963-08-01,4457466.760002817
44,196309,1963-09-01,4308489.096602608
45,196310,1963-10-01,4436846.549363275
46,196311,1963-11-01,4392729.12679014
47,196312,1963-12-01,4439674.872758527
48,196401,1964-01-01,4464675.913996075
49,196402,1964-02-01,4500693.173375113
50,196403,1964-03-01,4488702.223984771
51,196404,1964-04-01,4451128.710595447
52,196405,1964-05-01,4460288.546054262
53,196406,1964-06-01,4553172.22862662
54,196407,1964-07-01,4476596.275684931
55,196408,1964-08-01,4469009.875762195
56,196409,1964-09-01,4521876.587039923
57,196410,1964-10-01,4484569.522687095
58,196411,1964-11-01,4407129.726269897
59,196412,1964-12-01,4550304.07634588
60,196501,1965-01-01,4599489.096609382
61,196502,1965-02-01,4557161.0345821325
62,196503,1965-03-01,4495708.42162847
63,196504,1965-04-01,4594575.01278845
64,196505,1965-05-01,4489226.787914426
65,196506,1965-06-01,4492107.867621119
66,196507,1965-07-01,4558053.196767165
67,196508,1965-08-01,4575350.573765754
68,196509,1965-09-01,4569791.041759902
69,196510,1965-10-01,4598027.451717912
70,196511,1965-11-01,4512787.973412913
71,196512,1965-12-01,4614998.171263491
72,196601,1966-01-01,4562239.063169739
73,196602,1966-02-01,4513004.462455497
74,196603,1966-03-01,4591780.15020252
75,196604,1966-04-01,4548025.4905840615
76,196605,1966-05-01,4546382.48804448
77,196606,1966-06-01,4517410.895015106
78,196607,1966-07-01,4467500.980749068
79,196608,1966-08-01,4386522.75883447
80,196609,1966-09-01,4505216.66639892
81,196610,1966-10-01,4763519.709419163
82,196611,1966-11-01,4552829.566150142
83,196612,1966-12-01,4590288.578937662
84,196701,1967-01-01,4751985.066607459
85,196702,1967-02-01,4608478.828983516
86,196703,1967-03-01,4676941.190449564
87,196704,1967-04-01,4801474.589105101
88,196705,1967-05-01,4506074.368857328
89,196706,1967-06-01,4645328.002296839
90,196707,1967-07-01,4771725.012095474
91,196708,1967-08-01,4636734.576410202
92,196709,1967-09-01,4720015.015395053
93,196710,1967-10-01,4598284.1927137785
94,196711,1967-11-01,4752880.767051587
95,196712,1967-12-01,4812121.074239245
96,196801,1968-01-01,4622343.907828283
97,196802,1968-02-01,4687283.084022039
98,196803,1968-03-01,4818970.36423841
99,196804,1968-04-01,4858773.220445281
100,196805,1968-05-01,4808249.279656687
101,196806,1968-06-01,4720091.455223881
102,196807,1968-07-01,4638160.357053839
103,196808,1968-08-01,4802541.8630873505
104,196809,1968-09-01,4813175.1517769005
105,196810,1968-10-01,4722233.424855491
106,196811,1968-11-01,4877606.736835863
107,196812,1968-12-01,4696785.8573943665
108,196901,1969-01-01,4874521.007352941
109,196902,1969-02-01,4669664.582512315
110,196903,1969-03-01,4942877.842396777
111,196904,1969-04-01,4945197.988647582
112,196905,1969-05-01,4797793.001912046
113,196906,1969-06-01,4777674.865089772
114,196907,1969-07-01,4712200.568841727
115,196908,1969-08-01,4921275.079634742
116,196909,1969-09-01,4777449.3109194795
117,196910,1969-10-01,4941076.248429649
118,196911,1969-11-01,4737418.844194991
119,196912,1969-12-01,4969964.131269894
120,197001,1970-01-01,4628870.800575795
121,197002,1970-02-01,5058135.627007802
122,197003,1970-03-01,4986912.85321489
123,197004,1970-04-01,4724077.443280977
124,197005,1970-05-01,4980452.960656061
125,197006,1970-06-01,4771396.655476915
126,197007,1970-07-01,5109897.598058637
127,197008,1970-08-01,5183894.163886037
128,197009,1970-09-01,5054292.685123516
129,197010,1970-10-01,4892056.026283039
130,197011,1970-11-01,5173037.839641671
131,197012,1970-12-01,5175573.800666297
132,197101,1971-01-01,5194798.767247834
133,197102,1971-02-01,5040776.002728865
134,197103,1971-03-01,5101902.638052209
135,197104,1971-04-01,5109921.347694174
136,197105,1971-05-01,4963153.1865157485
137,197106,1971-06-01,5058708.223024469
138,197107,1971-07-01,4880582.090909091
139,197108,1971-08-01,5160696.536918963
140,197109,1971-09-01,5016861.709632796
141,197110,1971-10-01,4910312.352245863
142,197111,1971-11-01,5138551.936031472
143,197112,1971-12-01,5309439.820510235
144,197201,1972-01-01,5185463.125605034
145,197202,1972-02-01,5224361.645674905
146,197203,1972-03-01,5134390.67084494
147,197204,1972-04-01,5106156.761259192
148,197205,1972-05-01,5245505.840297122
149,197206,1972-06-01,5121166.576388889
150,197207,1972-07-01,5171088.467817164
151,197208,1972-08-01,5167098.39527027
152,197209,1972-09-01,5277179.992001828
153,197210,1972-10-01,5306413.938754562
154,197211,1972-11-01,5281102.177454388
155,197212,1972-12-01,5333593.10106383
156,197301,1973-01-01,5197359.252005912
157,197302,1973-02-01,5178605.415936952
158,197303,1973-03-01,5260546.474644128
159,197304,1973-04-01,5142743.541477788
160,197305,1973-05-01,5266076.545592351
161,197306,1973-06-01,5342100.33456584
162,197307,1973-07-01,5491398.868738186
163,197308,1973-08-01,5398187.994942197
164,197309,1973-09-01,5522435.080492425
165,197310,1973-10-01,5303566.3712431695
166,197311,1973-11-01,5073920.690563725
167,197312,1973-12-01,5551897.372863473
168,197401,1974-01-01,5421736.224118198
169,197402,1974-02-01,5552606.227929374
170,197403,1974-03-01,5203719.49597188
171,197404,1974-04-01,5276710.393007788
172,197405,1974-05-01,5264987.898684064
173,197406,1974-06-01,5172352.567101013
174,197407,1974-07-01,5396141.071428571
175,197408,1974-08-01,5123705.926114691
176,197409,1974-09-01,5034654.504917792
177,197410,1974-10-01,5808061.69264833
178,197411,1974-11-01,5336778.8524533035
179,197412,1974-12-01,5605679.851274788
180,197501,1975-01-01,5816153.5608461965
181,197502,1975-02-01,5611639.893882647
182,197503,1975-03-01,5526902.794521365
183,197504,1975-04-01,5738637.901322002
184,197505,1975-05-01,5653305.920504995
185,197506,1975-06-01,5765316.176271644
186,197507,1975-07-01,5374132.492701914
187,197508,1975-08-01,5678498.302415121
188,197509,1975-09-01,5554180.47050313
189,197510,1975-10-01,5653908.30134357
190,197511,1975-11-01,5704717.270595093
191,197512,1975-12-01,5751263.569616686
192,197601,1976-01-01,5919001.131788148
193,197602,1976-02-01,5649367.737326044
194,197603,1976-03-01,5813239.7113006925
195,197604,1976-04-01,5707689.937438665
196,197605,1976-05-01,5675961.919466403
197,197606,1976-06-01,5886368.493369352
198,197607,1976-07-01,5986568.700815739
199,197608,1976-08-01,6013419.060987416
200,197609,1976-09-01,6030128.8092417065
201,197610,1976-10-01,6119319.144995093
202,197611,1976-11-01,6100263.221343873
203,197612,1976-12-01,6257392.190186246
204,197701,1977-01-01,5993386.427625241
205,197702,1977-02-01,6030930.811262377
206,197703,1977-03-01,5982867.887052684
207,197704,1977-04-01,6084989.898409894
208,197705,1977-05-01,5990436.855128595
209,197706,1977-06-01,6246525.297738946
210,197707,1977-07-01,6096147.363398204
211,197708,1977-08-01,6128856.81713555
212,197709,1977-09-01,6216422.952821366
213,197710,1977-10-01,6103347.863772136
214,197711,1977-11-01,6249665.7496287655
215,197712,1977-12-01,6336405.496562568
216,197801,1978-01-01,6171388.68767313
217,197802,1978-02-01,6103497.1236513825
218,197803,1978-03-01,6269951.32782594
219,197804,1978-04-01,6538227.887363823
220,197805,1978-05-01,6257923.315753003
221,197806,1978-06-01,6142020.981594307
222,197807,1978-07-01,6516265.5295040645
223,197808,1978-08-01,6262547.2479547635
224,197809,1978-09-01,6223397.274422522
225,197810,1978-10-01,5890067.730492048
226,197811,1978-11-01,6378395.602365115
227,197812,1978-12-01,6408612.476589325
228,197901,1979-01-01,6429302.967982149
229,197902,1979-02-01,6315514.767000916
230,197903,1979-03-01,6550293.423451548
231,197904,1979-04-01,6437060.763956905
232,197905,1979-05-01,6431193.958688458
233,197906,1979-06-01,6547876.368608653
234,197907,1979-07-01,6560153.409201558
235,197908,1979-08-01,6618954.172486033
236,197909,1979-09-01,6544834.631675875
237,197910,1979-10-01,6339754.450956938
238,197911,1979-11-01,6683278.649951784
239,197912,1979-12-01,6562301.825139146
240,198001,1980-01-01,6767306.254508566
241,198002,1980-02-01,6485516.919991327
242,198003,1980-03-01,6419556.136580707
243,198004,1980-04-01,6819516.149878641
244,198005,1980-05-01,6841227.365947075
245,198006,1980-06-01,6608732.915575917
246,198007,1980-07-01,6734780.568656093
247,198008,1980-08-01,6582835.928137652
248,198009,1980-09-01,6622585.791007905
249,198010,1980-10-01,6528143.732238864
250,198011,1980-11-01,6934645.583548269
251,198012,1980-12-01,6887071.279962547
252,198101,1981-01-01,6608709.957706767
253,198102,1981-02-01,6950150.855724298
254,198103,1981-03-01,6924536.7553491
255,198104,1981-04-01,6726516.03608631
256,198105,1981-05-01,6879164.308086561
257,198106,1981-06-01,6805598.202947846
258,198107,1981-07-01,6984732.871804803
259,198108,1981-08-01,6523721.693190587
260,198109,1981-09-01,6759721.237320372
261,198110,1981-10-01,7005782.007512521
262,198111,1981-11-01,7110489.76098454
263,198112,1981-12-01,6876546.942144589
264,198201,1982-01-01,7134458.151641091
265,198202,1982-02-01,6870896.304585153
266,198203,1982-03-01,7029148.189869134
267,198204,1982-04-01,6971924.736134996
268,198205,1982-05-01,6713351.218857388
269,198206,1982-06-01,7016090.366340018
270,198207,1982-07-01,6797185.885511883
271,198208,1982-08-01,7670195.028486782
272,198209,1982-09-01,6955689.540951797
273,198210,1982-10-01,7143531.06914092
274,198211,1982-11-01,7125050.7168718325
275,198212,1982-12-01,7218956.953909612
276,198301,1983-01-01,7207063.642584892
277,198302,1983-02-01,7198801.608480926
278,198303,1983-03-01,7209835.81879526
279,198304,1983-04-01,7458688.593849081
280,198305,1983-05-01,7089292.200639854
281,198306,1983-06-01,7279764.962439904
282,198307,1983-07-01,7031257.017215569
283,198308,1983-08-01,7310436.206896552
284,198309,1983-09-01,7226886.625672847
285,198310,1983-10-01,7111245.709973167
286,198311,1983-11-01,7353456.715345037
287,198312,1983-12-01,7304592.639902676
288,198401,1984-01-01,7176412.51577524
289,198402,1984-02-01,7230964.367450731
290,198403,1984-03-01,7338301.955209657
291,198404,1984-04-01,7365885.984295686
292,198405,1984-05-01,6988957.729885058
293,198406,1984-06-01,7187849.693011104
294,198407,1984-07-01,7198003.897253475
295,198408,1984-08-01,7303550.426551094
296,198409,1984-09-01,7207108.189343769
297,198410,1984-10-01,7259141.542779125
298,198411,1984-11-01,7059544.620414913
299,198412,1984-12-01,7280301.158054711
300,198501,1985-01-01,7493114.302156177
301,198502,1985-02-01,7172828.579325594
302,198503,1985-03-01,7188138.069955407
303,198504,1985-04-01,7117040.0671373205
304,198505,1985-05-01,7318700.280557058
305,198506,1985-06-01,7170025.676283748
306,198507,1985-07-01,6999236.0506493505
307,198508,1985-08-01,7062697.188661709
308,198509,1985-09-01,6948408.457360131
309,198510,1985-10-01,7162266.65480666
310,198511,1985-11-01,7152290.043037974
311,198512,1985-12-01,7143518.700554751
312,198601,1986-01-01,7130830.721061479
313,198602,1986-02-01,7245317.58887876
314,198603,1986-03-01,7195755.0322858365
315,198604,1986-04-01,6902356.658088235
316,198605,1986-05-01,7239289.144654088
317,198606,1986-06-01,7128812.6921117
318,198607,1986-07-01,6879402.633742714
319,198608,1986-08-01,7235453.791836735
320,198609,1986-09-01,6785592.400335711
321,198610,1986-10-01,7165719.078559393
322,198611,1986-11-01,7062546.179620563
323,198612,1986-12-01,6739506.503419148
324,198701,1987-01-01,7197756.120274102
325,198702,1987-02-01,7030192.681559274
326,198703,1987-03-01,6916750.56559829
327,198704,1987-04-01,6934516.614241272
328,198705,1987-05-01,6966849.719387755
329,198706,1987-06-01,6979817.362723955
330,198707,1987-07-01,7109900.45509513
331,198708,1987-08-01,6956708.498026716
332,198709,1987-09-01,7033179.273611547
333,198710,1987-10-01,6253684.850999286
334,198711,1987-11-01,6533163.825
335,198712,1987-12-01,7117954.766078838
336,198801,1988-01-01,7103345.963572854
337,198802,1988-02-01,7188492.295137543
338,198803,1988-03-01,6712836.677173505
339,198804,1988-04-01,6902853.675266565
340,198805,1988-05-01,7101744.159996094
341,198806,1988-06-01,6951314.579331364
342,198807,1988-07-01,6941019.206150129
343,198808,1988-08-01,6827431.2215585895
344,198809,1988-09-01,6957653.388992538
345,198810,1988-10-01,6878752.4053713055
346,198811,1988-11-01,6908699.624538746
347,198812,1988-12-01,6774906.99954792
348,198901,1989-01-01,6993327.139103014
349,198902,1989-02-01,6582640.196853741
350,198903,1989-03-01,6690550.068329347
351,198904,1989-04-01,6809548.5949388025
352,198905,1989-05-01,6778435.454762664
353,198906,1989-06-01,6515432.822443621
354,198907,1989-07-01,6907041.240584514
355,198908,1989-08-01,6742349.31585401
356,198909,1989-09-01,6633255.964943852
357,198910,1989-10-01,6466532.798287277
358,198911,1989-11-01,6712020.9351117
359,198912,1989-12-01,6691289.575803213
360,199001,1990-01-01,6380731.140247668
361,199002,1990-02-01,6624831.05008322
362,199003,1990-03-01,6627777.530949005
363,199004,1990-04-01,6430299.531314684
364,199005,1990-05-01,6784607.770164168
365,199006,1990-06-01,6525810.662927662
366,199007,1990-07-01,6483373.932380635
367,199008,1990-08-01,6387249.944444444
368,199009,1990-09-01,6350296.944453251
369,199010,1990-10-01,6483357.965808707
370,199011,1990-11-01,6693666.223357861
371,199012,1990-12-01,6579141.199809886
372,199101,1991-01-01,6920285.247626655
373,199102,1991-02-01,6639495.653674156
374,199103,1991-03-01,6627764.221822285
375,199104,1991-04-01,6502116.575965286
376,199105,1991-05-01,6784551.807918198
377,199106,1991-06-01,6477606.192008776
378,199107,1991-07-01,6739388.412441154
379,199108,1991-08-01,6711664.222842836
380,199109,1991-09-01,6653005.544453771
381,199110,1991-10-01,6739058.27598351
382,199111,1991-11-01,6487551.20604659
383,199112,1991-12-01,7178993.490515045
384,199201,1992-01-01,6599480.103886272
385,199202,1992-02-01,6722488.448346907
386,199203,1992-03-01,6697437.78568097
387,199204,1992-04-01,6870989.795599028
388,199205,1992-05-01,6755920.788433258
389,199206,1992-06-01,6788461.410035026
390,199207,1992-07-01,6954375.263522467
391,199208,1992-08-01,6744161.994682124
392,199209,1992-09-01,6801240.631571401
393,199210,1992-10-01,6928011.341212121
394,199211,1992-11-01,6961936.269776985
395,199212,1992-12-01,6852198.950251355
396,199301,1993-01-01,6899784.934976908
397,199302,1993-02-01,6869237.459814354
398,199303,1993-03-01,6892119.372834103
399,199304,1993-04-01,6819108.091653878
400,199305,1993-05-01,6938840.346434588
401,199306,1993-06-01,6935955.166160782
402,199307,1993-07-01,6919693.457544322
403,199308,1993-08-01,7048106.660537732
404,199309,1993-09-01,6916364.184576692
405,199310,1993-10-01,6995556.453707696
406,199311,1993-11-01,6960432.780736244
407,199312,1993-12-01,7006238.473548664
408,199401,1994-01-01,7135040.33145521
409,199402,1994-02-01,6961549.814188473
410,199403,1994-03-01,6782501.401974946
411,199404,1994-04-01,7117195.115348925
412,199405,1994-05-01,7144393.385312708
413,199406,1994-06-01,6963089.305757096
414,199407,1994-07-01,7243136.046605007
415,199408,1994-08-01,7310302.486523673
416,199409,1994-09-01,7136962.146918366
417,199410,1994-10-01,7313815.339390052
418,199411,1994-11-01,7065366.656769918
419,199412,1994-12-01,7256147.53523254
420,199501,1995-01-01,7269219.214669532
421,199502,1995-02-01,7281560.586332545
422,199503,1995-03-01,7326866.865051202
423,199504,1995-04-01,7302631.269934634
424,199505,1995-05-01,7363567.087779921
425,199506,1995-06-01,7311535.10742097
426,199507,1995-07-01,7319927.0692044785
427,199508,1995-08-01,7302809.905921912
428,199509,1995-09-01,7349792.560516267
429,199510,1995-10-01,7283365.525500927
430,199511,1995-11-01,7445477.037155979
431,199512,1995-12-01,7356185.229916852
432,199601,1996-01-01,7636367.249265161
433,199602,1996-02-01,7289680.268536195
434,199603,1996-03-01,7389223.991946389
435,199604,1996-04-01,7503596.515598684
436,199605,1996-05-01,7517596.034568153
437,199606,1996-06-01,7461162.8315258045
438,199607,1996-07-01,7393921.948895305
439,199608,1996-08-01,7346012.885744251
440,199609,1996-09-01,7593701.775130394
441,199610,1996-10-01,7520364.675462606
442,199611,1996-11-01,7699997.306027159
443,199612,1996-12-01,7462229.223763875
444,199701,1997-01-01,7729161.409337397
445,199702,1997-02-01,7461618.425084583
446,199703,1997-03-01,7199446.513015048
447,199704,1997-04-01,7896209.686751405
448,199705,1997-05-01,7677712.314775162
449,199706,1997-06-01,7609370.538720059
450,199707,1997-07-01,7805724.555017422
451,199708,1997-08-01,7390884.252020782
452,199709,1997-09-01,7720045.308931506
453,199710,1997-10-01,7351111.147240622
454,199711,1997-11-01,7783830.925798013
455,199712,1997-12-01,7731997.297362241
456,199801,1998-01-01,7834969.797375851
457,199802,1998-02-01,7891551.312381053
458,199803,1998-03-01,7891852.935032689
459,199804,1998-04-01,7715756.954937286
460,199805,1998-05-01,7608931.646905053
461,199806,1998-06-01,7967454.285579759
462,199807,1998-07-01,7609139.10673062
463,199808,1998-08-01,7036592.923021627
464,199809,1998-09-01,7878609.480938431
465,199810,1998-10-01,8474713.084278477
466,199811,1998-11-01,8090071.455549924
467,199812,1998-12-01,8241346.377410613
468,199901,1999-01-01,8251359.373087406
469,199902,1999-02-01,7998333.293240306
470,199903,1999-03-01,8072870.891656133
471,199904,1999-04-01,8068919.811450186
472,199905,1999-05-01,7907293.910276863
473,199906,1999-06-01,8372320.7960237805
474,199907,1999-07-01,7787349.001305223
475,199908,1999-08-01,8061800.535173523
476,199909,1999-09-01,7893972.793105214
477,199910,1999-10-01,8557816.720892116
478,199911,1999-11-01,8178584.885988138
479,199912,1999-12-01,8515114.944848565
480,200001,2000-01-01,8127642.782628048
481,200002,2000-02-01,8192373.582997668
482,200003,2000-03-01,8687677.811667738
483,200004,2000-04-01,8362318.502508951
484,200005,2000-05-01,8446508.445058232
485,200006,2000-06-01,8446634.534456516
486,200007,2000-07-01,8365264.105167041
487,200008,2000-08-01,8823680.723939978
488,200009,2000-09-01,8485619.641350424
489,200010,2000-10-01,8935386.338104824
490,200011,2000-11-01,8309858.682846651
491,200012,2000-12-01,8692929.603793265
492,200101,2001-01-01,8995413.750101076
493,200102,2001-02-01,8377965.480675857
494,200103,2001-03-01,8644899.250086656
495,200104,2001-04-01,9320766.803149331
496,200105,2001-05-01,8785874.627456222
497,200106,2001-06-01,8797676.806150915
498,200107,2001-07-01,8964365.884461787
499,200108,2001-08-01,8602398.837496817
500,200109,2001-09-01,8918402.759566138
501,200110,2001-10-01,8844193.167860402
502,200111,2001-11-01,9067515.677607818
503,200112,2001-12-01,9038793.590429109
504,200201,2002-01-01,8955465.05575828
505,200202,2002-02-01,9094746.308048733
506,200203,2002-03-01,8994611.365707798
507,200204,2002-04-01,8760702.022316152
508,200205,2002-05-01,8963817.981684502
509,200206,2002-06-01,8848302.161811406
510,200207,2002-07-01,9311233.177311612
511,200208,2002-08-01,9152923.100554708
512,200209,2002-09-01,8562408.591947546
513,200210,2002-10-01,9449702.047935365
514,200211,2002-11-01,9355519.404221172
515,200212,2002-12-01,8900110.951952891
516,200301,2003-01-01,8687080.32319499
517,200302,2003-02-01,9137338.935522024
518,200303,2003-03-01,9124301.866744623
519,200304,2003-04-01,9389748.052627439
520,200305,2003-05-01,9374682.365314756
521,200306,2003-06-01,8985219.4994251
522,200307,2003-07-01,9100891.008580007
523,200308,2003-08-01,9299746.242173556
524,200309,2003-09-01,8957907.507796437
525,200310,2003-10-01,9268954.171981169
526,200311,2003-11-01,9244104.55864368
527,200312,2003-12-01,9398653.870928338
528,200401,2004-01-01,9128753.577849397
529,200402,2004-02-01,9178841.09211622
530,200403,2004-03-01,9211687.286063807
531,200404,2004-04-01,9022121.83268335
532,200405,2004-05-01,9381077.183068246
533,200406,2004-06-01,9282000.936835693
534,200407,2004-07-01,9201599.18119094
535,200408,2004-08-01,9370667.497661395
536,200409,2004-09-01,9202766.159019738
537,200410,2004-10-01,9309230.546624897
538,200411,2004-11-01,9218488.860932127
539,200412,2004-12-01,9331760.382651912
540,200501,2005-01-01,9221133.544992846
541,200502,2005-02-01,9245310.509673815
542,200503,2005-03-01,9122932.628496109
543,200504,2005-04-01,9174616.227346426
544,200505,2005-05-01,9312606.140626252
545,200506,2005-06-01,9123121.071457684
546,200507,2005-07-01,9306732.824968092
547,200508,2005-08-01,9192717.87562384
548,200509,2005-09-01,9240594.718407791
549,200510,2005-10-01,9334742.137856975
550,200511,2005-11-01,9331019.446576199
551,200512,2005-12-01,9139164.598865358
552,200601,2006-01-01,9217347.968969213
553,200602,2006-02-01,9255743.85198814
554,200603,2006-03-01,9236573.560131665
555,200604,2006-04-01,9308184.75905321
556,200605,2006-05-01,9122250.015356058
557,200606,2006-06-01,9387810.148982229
558,200607,2006-07-01,9358023.15305175
559,200608,2006-08-01,9326870.892076943
560,200609,2006-09-01,9324428.361838223
561,200610,2006-10-01,9278437.726443589
562,200611,2006-11-01,9259878.113567043
563,200612,2006-12-01,9200655.839363804
564,200701,2007-01-01,9280550.180212377
565,200702,2007-02-01,8925629.726526469
566,200703,2007-03-01,9245596.344656548
567,200704,2007-04-01,9249194.852190662
568,200705,2007-05-01,9220512.03223444
569,200706,2007-06-01,9023792.17078049
570,200707,2007-07-01,8683045.673855415
571,200708,2007-08-01,9164505.525960231
572,200709,2007-09-01,9203495.799866885
573,200710,2007-10-01,9061069.992988061
574,200711,2007-11-01,9086265.779594913
575,200712,2007-12-01,8920196.213558361
576,200801,2008-01-01,8957149.14241227
577,200802,2008-02-01,8766976.232655348
578,200803,2008-03-01,8969502.993314106
579,200804,2008-04-01,9015613.967297496
580,200805,2008-05-01,8893891.938710045
581,200806,2008-06-01,8542027.78583153
582,200807,2008-07-01,9037161.665733475
583,200808,2008-08-01,8969917.30470686
584,200809,2008-09-01,8635660.811025925
585,200810,2008-10-01,9003024.552999815
586,200811,2008-11-01,9104740.878752854
587,200812,2008-12-01,9257908.289832514
588,200901,2009-01-01,8590431.750826035
589,200902,2009-02-01,8227817.010978764
590,200903,2009-03-01,9517334.864813281
591,200904,2009-04-01,9258061.615897635
592,200905,2009-05-01,9187320.081996487
593,200906,2009-06-01,9023737.302856617
594,200907,2009-07-01,9574142.922092635
595,200908,2009-08-01,9197472.416490318
596,200909,2009-09-01,9260007.634697469
597,200910,2009-10-01,8852802.882056769
598,200911,2009-11-01,9183981.158782091
599,200912,2009-12-01,9225958.43799127
600,201001,2010-01-01,8782285.730178528
601,201002,2010-02-01,9355772.618483528
602,201003,2010-03-01,9411765.270408306
603,201004,2010-04-01,9193535.867743978
604,201005,2010-05-01,8981179.383964118
605,201006,2010-06-01,8811337.559916383
606,201007,2010-07-01,9438894.562304556
607,201008,2010-08-01,8934526.349660585
608,201009,2010-09-01,9415739.764167672
609,201010,2010-10-01,9346451.361381212
610,201011,2010-11-01,9132291.864610504
611,201012,2010-12-01,9416562.273478273
612,201101,2011-01-01,9352591.031017972
613,201102,2011-02-01,9348296.949050412
614,201103,2011-03-01,9475684.169246465
615,201104,2011-04-01,9554049.10673594
616,201105,2011-05-01,9374565.504824683
617,201106,2011-06-01,9564051.296553371
618,201107,2011-07-01,9113325.951008487
619,201108,2011-08-01,9594293.328092221
620,201109,2011-09-01,8984919.046921132
621,201110,2011-10-01,9663794.568631178
622,201111,2011-11-01,9419188.022702059
623,201112,2011-12-01,9374852.61171959
624,201201,2012-01-01,9346544.769623583
625,201202,2012-02-01,9334044.6232204
626,201203,2012-03-01,9386062.844842656
627,201204,2012-04-01,9330575.628566649
628,201205,2012-05-01,9038430.292388408
629,201206,2012-06-01,9523171.550266812
630,201207,2012-07-01,9386061.71044591
631,201208,2012-08-01,9249723.846736621
632,201209,2012-09-01,9223179.196859596
633,201210,2012-10-01,9072219.773811333
634,201211,2012-11-01,9360605.451289678
635,201212,2012-12-01,9243391.714613926
636,201301,2013-01-01,9327455.297388468
637,201302,2013-02-01,9207244.853069557
638,201303,2013-03-01,9309007.384000812
639,201304,2013-04-01,9353684.103218922
640,201305,2013-05-01,9153372.386225127
641,201306,2013-06-01,9139175.432031939
642,201307,2013-07-01,9277592.63047836
643,201308,2013-08-01,8962355.06215434
644,201309,2013-09-01,9146748.884537894
645,201310,2013-10-01,9351151.938287593
646,201311,2013-11-01,9268321.679988405
647,201312,2013-12-01,9431231.691818727
648,201401,2014-01-01,9012315.087370941
649,201402,2014-02-01,9433763.653697375
650,201403,2014-03-01,9249285.760223962
651,201404,2014-04-01,9301720.906963332
652,201405,2014-05-01,9353265.970341899
653,201406,2014-06-01,9245449.305422898
654,201407,2014-07-01,8975946.77277581
655,201408,2014-08-01,9353048.775268763
656,201409,2014-09-01,9062805.549543485
657,201410,2014-10-01,9515538.641787324
658,201411,2014-11-01,9232145.841893615
659,201412,2014-12-01,9176945.789995065
660,201501,2015-01-01,9018596.30207555
661,201502,2015-02-01,9237265.740773432
662,201503,2015-03-01,9113712.581266258
663,201504,2015-04-01,9113561.538070897
664,201505,2015-05-01,9113214.683574907
665,201506,2015-06-01,8966086.450042915
666,201507,2015-07-01,9183734.151457144
667,201508,2015-08-01,8830103.42486537
668,201509,2015-09-01,9034162.944973672
669,201510,2015-10-01,9365607.087965267
670,201511,2015-11-01,9116069.419158502
671,201512,2015-12-01,9063617.47536983
672,201601,2016-01-01,9214751.639905395
673,201602,2016-02-01,9193329.180402905
674,201603,2016-03-01,9218534.791358164
675,201604,2016-04-01,9008058.380835151
676,201605,2016-05-01,9158525.744032359
677,201606,2016-06-01,9070737.752421241
678,201607,2016-07-01,9092905.228166606
679,201608,2016-08-01,8978264.874522768
680,201609,2016-09-01,9040854.963686703
681,201610,2016-10-01,8914909.421649192
682,201611,2016-11-01,9099927.868885137
683,201612,2016-12-01,8910712.0302599
684,201701,2017-01-01,8954169.405202786
685,201702,2017-02-01,9047618.339797413
686,201703,2017-03-01,8915194.517415423
687,201704,2017-04-01,9032695.823174924
688,201705,2017-05-01,8992090.62781088
689,201706,2017-06-01,8884774.012397759
690,201707,2017-07-01,8948931.992854452
691,201708,2017-08-01,8937245.430003133
692,201709,2017-09-01,8974251.925224526
693,201710,2017-10-01,8940696.66932736
694,201711,2017-11-01,9055999.875506883
695,201712,2017-12-01,8885917.55743922
696,201801,2018-01-01,8971720.009511735
697,201802,2018-02-01,8867357.580497513
698,201803,2018-03-01,8639528.022435032
699,201804,2018-04-01,8802313.80861128
700,201805,2018-05-01,8833538.601283181
701,201806,2018-06-01,8687173.014376245
702,201807,2018-07-01,8852112.212500237
703,201808,2018-08-01,8906616.229572296
704,201809,2018-09-01,8777590.8731014
705,201810,2018-10-01,8519179.84023623
706,201811,2018-11-01,8823665.288298393
707,201812,2018-12-01,8490226.98706895
708,201901,2019-01-01,9022962.078329334
709,201902,2019-02-01,8765369.179834398
710,201903,2019-03-01,8741903.599436808
711,201904,2019-04-01,8755641.163041297
712,201905,2019-05-01,8312001.07932492
713,201906,2019-06-01,8770840.273896767
714,201907,2019-07-01,8592432.811496824
715,201908,2019-08-01,8716617.59659706
716,201909,2019-09-01,8610353.557533167
717,201910,2019-10-01,8794167.001715574
718,201911,2019-11-01,8712068.022930432
719,201912,2019-12-01,8766883.024358256
720,202001,2020-01-01,8474760.739347328
721,202002,2020-02-01,7753495.025324815
722,202003,2020-03-01,8382409.052490471
723,202004,2020-04-01,9081776.3693933
724,202005,2020-05-01,8986927.645477805
725,202006,2020-06-01,8618465.755032158
726,202007,2020-07-01,8804726.21111263
727,202008,2020-08-01,8916444.833876906
728,202009,2020-09-01,8637132.354496894
729,202010,2020-10-01,8278293.014846462
730,202011,2020-11-01,8830396.943071388
731,202012,2020-12-01,8967727.660427226
732,202101,2021-01-01,8646558.156786412
733,202102,2021-02-01,8662249.695434526
734,202103,2021-03-01,8983193.28453744
735,202104,2021-04-01,8923418.516860705
736,202105,2021-05-01,8909652.695455486
737,202106,2021-06-01,8951477.539862003
738,202107,2021-07-01,8903770.118713925
739,202108,2021-08-01,8974332.3889835
740,202109,2021-09-01,8575368.66431932
741,202110,2021-10-01,9130401.668461543
742,202111,2021-11-01,8634547.599771475
743,202112,2021-12-01,8998136.205694297
744,202201,2022-01-01,8695371.611639246
745,202202,2022-02-01,8684194.134256326
746,202203,2022-03-01,9073853.417112408
747,202204,2022-04-01,8268873.487604011
748,202205,2022-05-01,8963945.737451982
749,202206,2022-06-01,8522640.88781859
750,202207,2022-07-01,9270800.879071312
751,202208,2022-08-01,8336510.825824706
752,202209,2022-09-01,8165245.56892495
753,202210,2022-10-01,9092678.585392386
754,202211,2022-11-01,9094405.146825047
755,202212,2022-12-01,8557296.778327772
756,202301,2023-01-01,8975435.0434113
757,202302,2023-02-01,8470394.428278403
758,202303,2023-03-01,9012138.439349595
759,202304,2023-04-01,8793938.54784523
760,202305,2023-05-01,8769266.454916077
761,202306,2023-06-01,8924504.714242592
762,202307,2023-07-01,8863171.822670395
763,202308,2023-08-01,8805132.262425218
764,202309,2023-09-01,8490027.258033665
765,202310,2023-10-01,8558951.465985067
766,202311,2023-11-01,8915136.721566843
767,202312,2023-12-01,8892198.457834708
